<?xml version="1.0" encoding="UTF-8"?>
<!DOCTYPE fontscolors PUBLIC "-//NetBeans//DTD Editor Fonts and Colors settings 1.1//EN" "http://www.netbeans.org/dtds/EditorFontsColors-1_1.dtd">
<fontscolors>
    <fontcolor default="number" foreColor="magenta" name="number"/>
    <fontcolor default="identifier" foreColor="white" name="identifier"/>
    <fontcolor default="string" foreColor="yellow" name="string"/>
    <fontcolor foreColor="ffff9900" name="variable"/>
    <fontcolor default="comment" foreColor="ff00ff33" name="comment"/>
    <fontcolor default="keyword" foreColor="cyan" name="keyword">
        <font style="bold"/>
    </fontcolor>
    <fontcolor default="operator" foreColor="white" name="operator"/>
</fontscolors>
