<?xml version="1.0" encoding="UTF-8"?>
<!DOCTYPE fontscolors PUBLIC "-//NetBeans//DTD Editor Fonts and Colors settings 1.1//EN" "http://www.netbeans.org/dtds/EditorFontsColors-1_1.dtd">
<fontscolors>
    <fontcolor default="identifier" foreColor="orange" name="identifier"/>
    <fontcolor default="comment" foreColor="ff9999ff" name="COMMENT_HTML">
        <font style="bold"/>
    </fontcolor>
    <fontcolor default="number" foreColor="magenta" name="constant"/>
    <fontcolor default="string" foreColor="yellow" name="string"/>
    <fontcolor foreColor="cyan" name="mod-global"/>
    <fontcolor default="comment" name="comment-line"/>
    <fontcolor name="mod-unused" waveUnderlined="ff999999"/>
    <fontcolor default="error" name="error"/>
    <fontcolor default="separator" foreColor="ffccffcc" name="separator"/>
    <fontcolor default="comment" name="COMMENT"/>
    <fontcolor default="operator" name="operator"/>
    <fontcolor default="identifier" name="mod-local-variable-declaration"/>
    <fontcolor default="regexp" foreColor="ffff9999" name="mod-regexp"/>
    <fontcolor default="keyword" name="mod-custom2"/>
    <fontcolor foreColor="ff666666" name="mod-custom1">
        <font style="bold"/>
    </fontcolor>
    <fontcolor default="comment" name="COMMENT_KEYWORD">
        <font style="bold"/>
    </fontcolor>
    <fontcolor default="whitespace" name="whitespace"/>
    <fontcolor default="identifier" name="mod-local-variable"/>
</fontscolors>
