<?xml version="1.0" encoding="UTF-8"?>
<!DOCTYPE fontscolors PUBLIC "-//NetBeans//DTD Editor Fonts and Colors settings 1.1//EN" "http://www.netbeans.org/dtds/EditorFontsColors-1_1.dtd">
<fontscolors>
    <fontcolor bgColor="ff00132c" foreColor="white" name="default">
        <font name="Courier New" size="13" style="bold"/>
    </fontcolor>
    <fontcolor name="warning" waveUnderlined="yellow"/>
    <fontcolor foreColor="green" name="comment">
        <font style="italic"/>
    </fontcolor>
    <fontcolor foreColor="cyan" name="keyword"/>
    <fontcolor name="separator"/>
    <fontcolor name="url" underline="blue"/>
</fontscolors>
