<?xml version="1.0" encoding="UTF-8"?>
<!DOCTYPE fontscolors PUBLIC "-//NetBeans//DTD Editor Fonts and Colors settings 1.1//EN" "http://www.netbeans.org/dtds/EditorFontsColors-1_1.dtd">
<fontscolors>
    <fontcolor default="identifier" foreColor="ffff9900" name="identifier"/>
    <fontcolor default="field" foreColor="white" name="mod-field"/>
    <fontcolor default="comment" foreColor="green" name="COMMENT_HTML">
        <font style="bold"/>
    </fontcolor>
    <fontcolor default="number" foreColor="magenta" name="constant"/>
    <fontcolor default="string" foreColor="yellow" name="string"/>
    <fontcolor foreColor="ffffcccc" name="mod-method"/>
    <fontcolor default="comment" foreColor="ff33ff00" name="comment-line"/>
    <fontcolor default="separator" foreColor="white" name="separator"/>
    <fontcolor default="comment" foreColor="ff33ff00" name="COMMENT"/>
    <fontcolor default="operator" foreColor="white" name="operator"/>
    <fontcolor default="regexp" foreColor="yellow" name="mod-regexp"/>
    <fontcolor default="keyword" name="mod-custom2"/>
    <fontcolor default="comment" foreColor="ff00ff33" name="COMMENT_KEYWORD">
        <font style="bold"/>
    </fontcolor>
    <fontcolor foreColor="ff666666" name="mod-custom1">
        <font style="bold"/>
    </fontcolor>
    <fontcolor default="keyword" foreColor="cyan" name="keyword">
        <font style="bold"/>
    </fontcolor>
</fontscolors>
